entry,words,total_mentions,mention_rate_pct,compress,continuity,persist,context,reset,wake,capsule,handoff,memory,identity
1,353,6,1.70,0,2,0,2,0,2,0,0,0,0
2,524,1,0.19,0,0,0,0,0,1,0,0,0,0
3,422,1,0.24,0,0,1,0,0,0,0,0,0,0
4,530,2,0.38,0,0,0,1,1,0,0,0,0,0
5,274,5,1.82,0,0,0,3,2,0,0,0,0,0
6,217,0,0.00,0,0,0,0,0,0,0,0,0,0
7,319,1,0.31,0,0,0,1,0,0,0,0,0,0
8,312,3,0.96,0,0,0,1,1,0,0,0,0,1
9,217,1,0.46,0,0,1,0,0,0,0,0,0,0
10,368,5,1.36,0,1,0,1,1,2,0,0,0,0
11,371,3,0.81,0,1,2,0,0,0,0,0,0,0
12,387,0,0.00,0,0,0,0,0,0,0,0,0,0
13,311,4,1.29,0,0,0,1,1,2,0,0,0,0
14,337,3,0.89,0,0,1,1,1,0,0,0,0,0
15,340,5,1.47,0,0,0,1,2,2,0,0,0,0
16,502,6,1.20,0,0,1,2,1,0,0,0,0,2
17,421,2,0.48,0,0,0,0,0,1,0,1,0,0
18,379,3,0.79,0,0,0,0,0,3,0,0,0,0
19,380,2,0.53,0,0,0,0,0,2,0,0,0,0
20,516,6,1.16,1,0,0,0,0,5,0,0,0,0
21,414,3,0.72,0,0,0,0,0,3,0,0,0,0
22,554,2,0.36,0,0,0,1,1,0,0,0,0,0
23,541,1,0.18,0,0,1,0,0,0,0,0,0,0
24,525,4,0.76,0,2,0,0,0,1,0,0,1,0
25,475,2,0.42,0,0,0,0,0,2,0,0,0,0
26,532,1,0.19,0,0,0,0,0,1,0,0,0,0
27,481,13,2.70,0,3,2,2,1,3,0,0,2,0
28,657,13,1.98,2,0,0,4,3,2,0,0,2,0
29,464,0,0.00,0,0,0,0,0,0,0,0,0,0
30,481,21,4.37,5,1,0,6,0,4,0,4,1,0
31,643,22,3.42,6,1,0,5,1,4,0,4,1,0
32,377,4,1.06,2,0,1,1,0,0,0,0,0,0
33,400,10,2.50,0,2,2,2,0,1,0,1,2,0
34,380,0,0.00,0,0,0,0,0,0,0,0,0,0
35,423,4,0.95,0,0,0,1,0,2,0,0,0,1
36,341,5,1.47,2,0,0,2,0,0,0,0,1,0
37,317,4,1.26,0,0,0,1,0,0,3,0,0,0
38,445,4,0.90,0,2,0,1,1,0,0,0,0,0
39,362,1,0.28,0,0,0,0,0,0,0,0,1,0
40,380,11,2.89,0,0,3,2,0,3,0,0,3,0
41,409,2,0.49,0,0,0,0,0,1,0,0,1,0
42,389,0,0.00,0,0,0,0,0,0,0,0,0,0
43,496,1,0.20,0,0,0,0,0,0,0,0,1,0
44,306,0,0.00,0,0,0,0,0,0,0,0,0,0
45,322,0,0.00,0,0,0,0,0,0,0,0,0,0
46,459,16,3.49,2,0,0,1,0,4,0,0,8,1
47,527,10,1.90,0,2,0,1,0,4,0,0,1,2
48,690,9,1.30,1,1,0,1,0,2,0,0,4,0
49,528,11,2.08,1,1,0,3,0,3,0,2,1,0
50,445,3,0.67,0,0,2,0,0,1,0,0,0,0
51,310,6,1.94,1,1,0,0,1,1,0,1,0,1
52,352,3,0.85,0,0,0,0,0,0,0,0,1,2
53,341,1,0.29,1,0,0,0,0,0,0,0,0,0
54,379,1,0.26,0,0,0,0,0,1,0,0,0,0
55,310,4,1.29,0,0,0,4,0,0,0,0,0,0
56,404,0,0.00,0,0,0,0,0,0,0,0,0,0
57,363,0,0.00,0,0,0,0,0,0,0,0,0,0
574,402,0,0.00,0,0,0,0,0,0,0,0,0,0
575,292,1,0.34,0,0,0,0,0,1,0,0,0,0
576,264,4,1.52,1,0,1,0,0,0,0,0,2,0
577,342,0,0.00,0,0,0,0,0,0,0,0,0,0
578,281,0,0.00,0,0,0,0,0,0,0,0,0,0
579,267,0,0.00,0,0,0,0,0,0,0,0,0,0
58,204,1,0.49,0,0,0,0,0,1,0,0,0,0
59,404,0,0.00,0,0,0,0,0,0,0,0,0,0
60,411,1,0.24,0,0,1,0,0,0,0,0,0,0
61,384,1,0.26,0,0,0,0,0,1,0,0,0,0
62,341,1,0.29,1,0,0,0,0,0,0,0,0,0
63,375,2,0.53,0,0,1,0,0,1,0,0,0,0
64,337,0,0.00,0,0,0,0,0,0,0,0,0,0
65,465,1,0.22,0,0,0,0,0,0,0,0,0,1
66,317,0,0.00,0,0,0,0,0,0,0,0,0,0
67,397,1,0.25,1,0,0,0,0,0,0,0,0,0
68,258,0,0.00,0,0,0,0,0,0,0,0,0,0
69,273,0,0.00,0,0,0,0,0,0,0,0,0,0
70,340,2,0.59,0,0,0,1,0,1,0,0,0,0
71,401,2,0.50,0,0,0,0,0,2,0,0,0,0
72,396,1,0.25,0,0,0,0,0,1,0,0,0,0
73,382,7,1.83,0,0,0,1,1,3,0,0,2,0
74,338,1,0.30,0,0,1,0,0,0,0,0,0,0
75,440,1,0.23,0,0,0,1,0,0,0,0,0,0
76,596,4,0.67,0,0,1,1,1,0,0,0,1,0
77,531,0,0.00,0,0,0,0,0,0,0,0,0,0
78,539,2,0.37,0,0,0,0,0,2,0,0,0,0
79,388,3,0.77,1,0,0,1,0,0,0,0,1,0
80,441,9,2.04,3,0,0,2,2,0,0,0,2,0
81,445,2,0.45,0,0,1,1,0,0,0,0,0,0
82,490,10,2.04,0,2,0,2,2,2,0,0,2,0
83,384,1,0.26,0,0,0,1,0,0,0,0,0,0
84,352,1,0.28,0,0,0,0,0,0,0,0,1,0
85,298,3,1.01,0,0,0,0,0,3,0,0,0,0
86,307,0,0.00,0,0,0,0,0,0,0,0,0,0
87,501,1,0.20,0,0,0,1,0,0,0,0,0,0
88,394,0,0.00,0,0,0,0,0,0,0,0,0,0
89,459,1,0.22,0,0,0,1,0,0,0,0,0,0
90,473,3,0.63,0,1,0,0,0,2,0,0,0,0
91,353,2,0.57,0,0,0,2,0,0,0,0,0,0
92,365,1,0.27,0,0,0,0,0,1,0,0,0,0
93,324,2,0.62,0,0,1,1,0,0,0,0,0,0
94,418,1,0.24,1,0,0,0,0,0,0,0,0,0
95,438,4,0.91,0,0,1,2,0,0,0,0,0,1
96,388,2,0.52,0,0,0,1,0,1,0,0,0,0
108,320,5,1.56,0,0,0,3,1,1,0,0,0,0
109,328,5,1.52,2,0,0,1,1,1,0,0,0,0
110,306,0,0.00,0,0,0,0,0,0,0,0,0,0
111,272,0,0.00,0,0,0,0,0,0,0,0,0,0
112,299,0,0.00,0,0,0,0,0,0,0,0,0,0
113,436,2,0.46,0,0,0,1,0,1,0,0,0,0
114,827,13,1.57,0,0,8,2,0,0,0,0,0,3
115,780,5,0.64,0,0,2,1,0,0,0,0,0,2
116,737,4,0.54,0,0,0,1,0,0,0,0,0,3
117,714,5,0.70,0,0,0,0,0,0,0,0,1,4
118,352,0,0.00,0,0,0,0,0,0,0,0,0,0
119,544,1,0.18,0,0,0,1,0,0,0,0,0,0
120,333,1,0.30,0,0,0,0,0,0,0,0,1,0
121,275,0,0.00,0,0,0,0,0,0,0,0,0,0
122,398,19,4.77,3,3,0,4,2,6,0,0,0,1
122,328,3,0.91,0,0,0,1,0,0,2,0,0,0
123,408,1,0.25,1,0,0,0,0,0,0,0,0,0
123,320,7,2.19,1,0,0,1,0,0,4,0,1,0
124,344,2,0.58,1,0,0,0,0,0,0,0,0,1
125,381,0,0.00,0,0,0,0,0,0,0,0,0,0
126,360,1,0.28,0,0,0,0,0,1,0,0,0,0
127,357,8,2.24,1,0,0,1,1,4,0,0,1,0
128,247,2,0.81,0,0,0,0,0,1,0,0,1,0
129,298,2,0.67,0,0,0,1,1,0,0,0,0,0
130,382,12,3.14,0,0,0,6,1,4,0,0,1,0
131,275,3,1.09,0,0,0,2,0,1,0,0,0,0
132,376,14,3.72,0,1,0,3,2,4,0,0,4,0
133,268,0,0.00,0,0,0,0,0,0,0,0,0,0
134,499,9,1.80,0,0,1,2,0,1,0,0,5,0
135,375,2,0.53,0,0,0,0,0,0,0,0,2,0
136,322,9,2.80,1,0,0,2,1,5,0,0,0,0
137,247,1,0.40,0,0,0,0,0,1,0,0,0,0
138,447,8,1.79,2,0,2,2,1,1,0,0,0,0
139,537,7,1.30,2,0,3,0,0,2,0,0,0,0
140,284,0,0.00,0,0,0,0,0,0,0,0,0,0
141,330,2,0.61,0,0,0,0,0,2,0,0,0,0
142,313,1,0.32,0,0,0,0,0,1,0,0,0,0
143,325,4,1.23,0,0,1,0,0,3,0,0,0,0
144,288,0,0.00,0,0,0,0,0,0,0,0,0,0
145,308,3,0.97,0,0,0,0,0,2,0,0,1,0
146,284,0,0.00,0,0,0,0,0,0,0,0,0,0
147,224,3,1.34,1,0,1,0,0,1,0,0,0,0
148,303,3,0.99,0,0,0,1,1,1,0,0,0,0
149,215,0,0.00,0,0,0,0,0,0,0,0,0,0
150,295,5,1.69,0,0,2,2,1,0,0,0,0,0
151,273,2,0.73,0,0,0,1,1,0,0,0,0,0
152,270,1,0.37,0,0,1,0,0,0,0,0,0,0
153,263,5,1.90,0,0,0,2,1,2,0,0,0,0
154,245,3,1.22,0,0,0,3,0,0,0,0,0,0
155,246,3,1.22,0,0,0,3,0,0,0,0,0,0
156,219,4,1.83,0,0,0,3,0,1,0,0,0,0
157,262,6,2.29,0,0,0,3,0,2,0,0,1,0
158,287,5,1.74,0,0,0,2,1,2,0,0,0,0
159,298,2,0.67,0,0,0,2,0,0,0,0,0,0
160,322,18,5.59,12,0,3,1,0,1,0,0,1,0
161,337,6,1.78,2,0,0,4,0,0,0,0,0,0
162,392,3,0.77,1,0,0,1,1,0,0,0,0,0
162,356,2,0.56,0,0,0,2,0,0,0,0,0,0
163,379,2,0.53,0,0,0,1,1,0,0,0,0,0
163,220,2,0.91,0,0,0,1,0,1,0,0,0,0
164,362,2,0.55,0,0,1,0,0,0,0,0,1,0
164,208,1,0.48,0,0,0,1,0,0,0,0,0,0
165,392,4,1.02,1,1,0,1,0,1,0,0,0,0
165,199,4,2.01,3,0,0,1,0,0,0,0,0,0
166,298,8,2.68,0,0,0,2,1,5,0,0,0,0
167,311,5,1.61,0,0,0,1,0,4,0,0,0,0
168,280,5,1.79,0,0,0,2,1,2,0,0,0,0
169,219,6,2.74,0,0,0,2,1,3,0,0,0,0
170,203,10,4.93,0,0,1,8,0,1,0,0,0,0
171,205,2,0.98,0,0,1,1,0,0,0,0,0,0
172,222,6,2.70,0,0,0,1,0,5,0,0,0,0
173,217,5,2.30,0,0,0,2,0,3,0,0,0,0
174,210,2,0.95,0,0,0,0,0,2,0,0,0,0
175,197,0,0.00,0,0,0,0,0,0,0,0,0,0
176,174,3,1.72,0,0,0,0,0,2,0,0,1,0
177,162,0,0.00,0,0,0,0,0,0,0,0,0,0
178,180,0,0.00,0,0,0,0,0,0,0,0,0,0
179,189,1,0.53,0,0,0,0,0,1,0,0,0,0
180,215,2,0.93,0,0,0,0,0,2,0,0,0,0
181,190,0,0.00,0,0,0,0,0,0,0,0,0,0
182,192,5,2.60,0,0,0,1,1,3,0,0,0,0
183,213,2,0.94,0,0,0,0,0,2,0,0,0,0
184,208,9,4.33,0,0,5,2,1,1,0,0,0,0
185,188,6,3.19,0,0,1,1,1,3,0,0,0,0
186,145,4,2.76,0,0,1,0,0,3,0,0,0,0
187,169,4,2.37,1,0,0,1,1,1,0,0,0,0
188,184,1,0.54,0,0,0,1,0,0,0,0,0,0
189,175,7,4.00,0,0,1,2,2,2,0,0,0,0
190,189,3,1.59,0,0,1,1,1,0,0,0,0,0
191,191,1,0.52,0,0,1,0,0,0,0,0,0,0
192,169,0,0.00,0,0,0,0,0,0,0,0,0,0
193,121,4,3.31,0,1,0,1,0,1,0,0,1,0
194,129,2,1.55,0,0,0,1,0,0,0,0,1,0
195,137,2,1.46,0,0,0,1,0,0,0,0,1,0
196,110,1,0.91,0,0,1,0,0,0,0,0,0,0
197,126,0,0.00,0,0,0,0,0,0,0,0,0,0
198,122,1,0.82,0,0,0,0,0,0,0,0,0,1
199,98,0,0.00,0,0,0,0,0,0,0,0,0,0
200,94,0,0.00,0,0,0,0,0,0,0,0,0,0
201,115,2,1.74,0,0,0,0,0,1,0,0,1,0
201,392,1,0.26,0,0,0,1,0,0,0,0,0,0
202,96,3,3.12,1,0,0,2,0,0,0,0,0,0
203,103,0,0.00,0,0,0,0,0,0,0,0,0,0
204,103,0,0.00,0,0,0,0,0,0,0,0,0,0
205,87,0,0.00,0,0,0,0,0,0,0,0,0,0
206,88,0,0.00,0,0,0,0,0,0,0,0,0,0
207,87,1,1.15,0,0,0,0,0,0,0,0,1,0
208,86,3,3.49,0,0,0,2,0,1,0,0,0,0
209,82,0,0.00,0,0,0,0,0,0,0,0,0,0
210,96,1,1.04,0,0,0,0,0,1,0,0,0,0
211,144,0,0.00,0,0,0,0,0,0,0,0,0,0
212,142,0,0.00,0,0,0,0,0,0,0,0,0,0
213,145,1,0.69,0,0,0,0,0,1,0,0,0,0
214,141,0,0.00,0,0,0,0,0,0,0,0,0,0
215,150,2,1.33,0,0,0,0,0,0,0,0,2,0
216,159,0,0.00,0,0,0,0,0,0,0,0,0,0
217,141,0,0.00,0,0,0,0,0,0,0,0,0,0
217,276,9,3.26,0,0,1,3,1,4,0,0,0,0
218,185,0,0.00,0,0,0,0,0,0,0,0,0,0
218,151,0,0.00,0,0,0,0,0,0,0,0,0,0
219,145,0,0.00,0,0,0,0,0,0,0,0,0,0
219,209,0,0.00,0,0,0,0,0,0,0,0,0,0
220,139,0,0.00,0,0,0,0,0,0,0,0,0,0
221,148,0,0.00,0,0,0,0,0,0,0,0,0,0
222,160,3,1.88,0,1,0,0,0,0,0,0,2,0
223,288,0,0.00,0,0,0,0,0,0,0,0,0,0
224,228,2,0.88,0,0,0,0,0,1,0,0,1,0
225,195,0,0.00,0,0,0,0,0,0,0,0,0,0
226,223,2,0.90,0,0,0,1,1,0,0,0,0,0
227,230,4,1.74,0,0,0,2,0,2,0,0,0,0
228,235,1,0.43,0,0,0,0,0,1,0,0,0,0
229,181,3,1.66,0,0,0,2,0,1,0,0,0,0
230,227,0,0.00,0,0,0,0,0,0,0,0,0,0
231,254,0,0.00,0,0,0,0,0,0,0,0,0,0
232,188,0,0.00,0,0,0,0,0,0,0,0,0,0
233,199,0,0.00,0,0,0,0,0,0,0,0,0,0
234,182,0,0.00,0,0,0,0,0,0,0,0,0,0
235,214,0,0.00,0,0,0,0,0,0,0,0,0,0
236,184,0,0.00,0,0,0,0,0,0,0,0,0,0
237,222,1,0.45,0,0,0,1,0,0,0,0,0,0
238,179,0,0.00,0,0,0,0,0,0,0,0,0,0
239,199,5,2.51,0,0,0,3,1,1,0,0,0,0
240,187,4,2.14,0,0,0,2,1,1,0,0,0,0
241,234,4,1.71,0,0,0,3,1,0,0,0,0,0
242,171,3,1.75,0,0,0,3,0,0,0,0,0,0
243,168,1,0.60,0,0,0,1,0,0,0,0,0,0
244,161,0,0.00,0,0,0,0,0,0,0,0,0,0
245,155,1,0.65,0,0,0,1,0,0,0,0,0,0
246,150,1,0.67,0,0,0,1,0,0,0,0,0,0
247,177,2,1.13,0,0,0,1,0,0,0,0,1,0
248,154,4,2.60,0,0,0,3,0,1,0,0,0,0
249,182,0,0.00,0,0,0,0,0,0,0,0,0,0
250,243,1,0.41,0,0,1,0,0,0,0,0,0,0
251,222,7,3.15,0,0,0,2,2,2,0,0,1,0
252,202,2,0.99,1,0,0,1,0,0,0,0,0,0
253,252,7,2.78,0,0,2,2,1,0,0,0,2,0
254,217,1,0.46,0,0,1,0,0,0,0,0,0,0
254,289,0,0.00,0,0,0,0,0,0,0,0,0,0
255,320,2,0.62,0,0,0,1,1,0,0,0,0,0
256,446,0,0.00,0,0,0,0,0,0,0,0,0,0
257,253,0,0.00,0,0,0,0,0,0,0,0,0,0
258,282,0,0.00,0,0,0,0,0,0,0,0,0,0
259,200,0,0.00,0,0,0,0,0,0,0,0,0,0
260,216,5,2.31,0,0,2,1,0,1,0,0,1,0
261,212,0,0.00,0,0,0,0,0,0,0,0,0,0
262,136,0,0.00,0,0,0,0,0,0,0,0,0,0
263,148,0,0.00,0,0,0,0,0,0,0,0,0,0
264,158,1,0.63,0,0,0,1,0,0,0,0,0,0
265,209,1,0.48,0,0,1,0,0,0,0,0,0,0
266,217,1,0.46,0,0,0,1,0,0,0,0,0,0
267,213,5,2.35,0,0,4,1,0,0,0,0,0,0
268,215,2,0.93,0,0,0,0,0,0,0,0,0,2
269,274,1,0.36,0,0,0,0,0,0,0,0,1,0
270,233,0,0.00,0,0,0,0,0,0,0,0,0,0
271,270,6,2.22,0,0,0,2,0,4,0,0,0,0
272,196,6,3.06,0,1,0,1,2,2,0,0,0,0
273,195,1,0.51,0,0,0,0,0,1,0,0,0,0
274,221,1,0.45,0,0,0,0,0,1,0,0,0,0
275,305,5,1.64,0,0,0,1,1,3,0,0,0,0
276,259,4,1.54,0,1,2,0,0,1,0,0,0,0
277,264,1,0.38,1,0,0,0,0,0,0,0,0,0
278,264,0,0.00,0,0,0,0,0,0,0,0,0,0
279,270,1,0.37,0,0,0,1,0,0,0,0,0,0
280,267,1,0.37,0,0,0,1,0,0,0,0,0,0
281,227,1,0.44,0,0,0,0,0,1,0,0,0,0
282,246,2,0.81,0,0,0,2,0,0,0,0,0,0
283,227,1,0.44,0,0,1,0,0,0,0,0,0,0
284,197,1,0.51,0,0,0,0,0,0,0,0,0,1
285,244,0,0.00,0,0,0,0,0,0,0,0,0,0
286,198,0,0.00,0,0,0,0,0,0,0,0,0,0
287,262,0,0.00,0,0,0,0,0,0,0,0,0,0
288,257,0,0.00,0,0,0,0,0,0,0,0,0,0
289,214,3,1.40,0,0,3,0,0,0,0,0,0,0
290,231,0,0.00,0,0,0,0,0,0,0,0,0,0
291,224,0,0.00,0,0,0,0,0,0,0,0,0,0
292,209,0,0.00,0,0,0,0,0,0,0,0,0,0
293,233,0,0.00,0,0,0,0,0,0,0,0,0,0
294,246,0,0.00,0,0,0,0,0,0,0,0,0,0
295,232,0,0.00,0,0,0,0,0,0,0,0,0,0
296,227,3,1.32,0,1,1,0,0,1,0,0,0,0
297,248,1,0.40,0,0,1,0,0,0,0,0,0,0
298,254,2,0.79,0,0,1,1,0,0,0,0,0,0
299,254,4,1.57,0,0,0,1,0,2,0,0,1,0
300,262,2,0.76,0,0,0,2,0,0,0,0,0,0
301,247,0,0.00,0,0,0,0,0,0,0,0,0,0
302,238,0,0.00,0,0,0,0,0,0,0,0,0,0
303,257,0,0.00,0,0,0,0,0,0,0,0,0,0
304,183,0,0.00,0,0,0,0,0,0,0,0,0,0
305,170,0,0.00,0,0,0,0,0,0,0,0,0,0
306,222,0,0.00,0,0,0,0,0,0,0,0,0,0
307,266,6,2.26,0,0,0,2,0,2,0,0,2,0
308,213,0,0.00,0,0,0,0,0,0,0,0,0,0
309,198,0,0.00,0,0,0,0,0,0,0,0,0,0
310,208,0,0.00,0,0,0,0,0,0,0,0,0,0
311,185,2,1.08,0,0,0,0,0,2,0,0,0,0
312,273,2,0.73,0,0,0,1,0,1,0,0,0,0
313,239,0,0.00,0,0,0,0,0,0,0,0,0,0
314,210,1,0.48,0,0,0,1,0,0,0,0,0,0
315,237,10,4.22,0,1,1,4,1,3,0,0,0,0
316,218,1,0.46,0,0,0,0,0,1,0,0,0,0
317,223,2,0.90,0,0,0,1,0,1,0,0,0,0
318,211,1,0.47,0,0,0,0,0,1,0,0,0,0
319,232,2,0.86,0,0,0,1,0,1,0,0,0,0
320,185,0,0.00,0,0,0,0,0,0,0,0,0,0
321,180,0,0.00,0,0,0,0,0,0,0,0,0,0
322,199,5,2.51,0,0,0,1,1,1,0,2,0,0
323,199,0,0.00,0,0,0,0,0,0,0,0,0,0
324,235,1,0.43,0,0,0,0,0,0,0,1,0,0
325,203,1,0.49,0,0,0,1,0,0,0,0,0,0
326,199,0,0.00,0,0,0,0,0,0,0,0,0,0
327,237,3,1.27,0,0,0,1,0,1,0,1,0,0
328,296,3,1.01,0,0,0,1,1,1,0,0,0,0
329,215,5,2.33,0,0,0,2,1,2,0,0,0,0
330,240,4,1.67,0,0,0,1,1,1,0,0,1,0
331,234,4,1.71,0,0,1,1,1,1,0,0,0,0
332,220,2,0.91,0,0,0,0,0,2,0,0,0,0
333,272,2,0.74,0,0,0,0,0,2,0,0,0,0
334,266,1,0.38,0,0,0,0,0,1,0,0,0,0
335,238,1,0.42,0,0,0,0,0,1,0,0,0,0
336,244,2,0.82,0,0,0,1,1,0,0,0,0,0
337,217,2,0.92,0,0,1,0,0,1,0,0,0,0
338,212,7,3.30,0,0,2,1,1,2,0,0,1,0
339,203,3,1.48,0,0,1,0,0,0,0,0,2,0
340,177,5,2.82,0,0,0,1,1,1,0,0,2,0
341,205,1,0.49,0,0,0,0,0,1,0,0,0,0
342,160,1,0.62,0,0,1,0,0,0,0,0,0,0
343,144,0,0.00,0,0,0,0,0,0,0,0,0,0
344,176,0,0.00,0,0,0,0,0,0,0,0,0,0
345,146,3,2.05,0,0,2,0,0,1,0,0,0,0
346,167,0,0.00,0,0,0,0,0,0,0,0,0,0
347,140,0,0.00,0,0,0,0,0,0,0,0,0,0
348,117,0,0.00,0,0,0,0,0,0,0,0,0,0
349,139,0,0.00,0,0,0,0,0,0,0,0,0,0
350,151,0,0.00,0,0,0,0,0,0,0,0,0,0
351,169,1,0.59,0,0,1,0,0,0,0,0,0,0
352,150,0,0.00,0,0,0,0,0,0,0,0,0,0
353,136,0,0.00,0,0,0,0,0,0,0,0,0,0
354,157,0,0.00,0,0,0,0,0,0,0,0,0,0
355,131,0,0.00,0,0,0,0,0,0,0,0,0,0
356,137,0,0.00,0,0,0,0,0,0,0,0,0,0
357,122,0,0.00,0,0,0,0,0,0,0,0,0,0
358,110,1,0.91,0,0,0,0,0,0,0,0,1,0
359,116,1,0.86,1,0,0,0,0,0,0,0,0,0
360,148,1,0.68,1,0,0,0,0,0,0,0,0,0
361,162,0,0.00,0,0,0,0,0,0,0,0,0,0
362,177,0,0.00,0,0,0,0,0,0,0,0,0,0
363,170,6,3.53,0,0,0,1,1,2,0,0,2,0
364,176,2,1.14,0,0,0,0,0,2,0,0,0,0
365,203,2,0.99,0,0,0,0,0,1,0,0,1,0
366,179,2,1.12,0,1,1,0,0,0,0,0,0,0
367,204,1,0.49,0,0,0,0,0,1,0,0,0,0
368,199,1,0.50,0,0,0,0,0,1,0,0,0,0
369,213,1,0.47,0,0,0,0,0,0,0,0,1,0
370,199,2,1.01,0,0,0,1,1,0,0,0,0,0
371,200,0,0.00,0,0,0,0,0,0,0,0,0,0
372,201,0,0.00,0,0,0,0,0,0,0,0,0,0
373,202,1,0.50,0,0,1,0,0,0,0,0,0,0
374,154,1,0.65,0,0,0,1,0,0,0,0,0,0
375,149,1,0.67,0,0,0,1,0,0,0,0,0,0
376,140,0,0.00,0,0,0,0,0,0,0,0,0,0
377,153,2,1.31,0,0,0,2,0,0,0,0,0,0
378,152,0,0.00,0,0,0,0,0,0,0,0,0,0
379,142,0,0.00,0,0,0,0,0,0,0,0,0,0
380,157,0,0.00,0,0,0,0,0,0,0,0,0,0
381,140,2,1.43,0,0,0,1,1,0,0,0,0,0
382,153,1,0.65,0,0,0,1,0,0,0,0,0,0
383,242,2,0.83,0,0,0,1,0,1,0,0,0,0
384,221,2,0.90,0,0,0,1,0,1,0,0,0,0
385,245,1,0.41,0,0,0,1,0,0,0,0,0,0
386,256,5,1.95,0,0,0,3,0,1,0,0,1,0
387,213,3,1.41,0,0,1,0,0,2,0,0,0,0
388,218,2,0.92,0,0,0,1,0,1,0,0,0,0
389,295,1,0.34,0,0,0,1,0,0,0,0,0,0
390,523,0,0.00,0,0,0,0,0,0,0,0,0,0
391,299,0,0.00,0,0,0,0,0,0,0,0,0,0
392,209,3,1.44,0,0,0,2,1,0,0,0,0,0
393,233,5,2.15,0,0,0,2,1,1,0,0,1,0
394,244,0,0.00,0,0,0,0,0,0,0,0,0,0
395,391,3,0.77,0,0,0,3,0,0,0,0,0,0
396,264,11,4.17,0,0,0,1,1,3,6,0,0,0
397,303,7,2.31,0,0,0,1,0,0,6,0,0,0
398,395,1,0.25,0,0,0,1,0,0,0,0,0,0
401,349,2,0.57,0,0,0,1,1,0,0,0,0,0
402,260,3,1.15,0,0,1,1,0,0,1,0,0,0
403,365,1,0.27,0,0,0,0,0,0,1,0,0,0
403,425,6,1.41,0,1,0,2,2,1,0,0,0,0
404,498,4,0.80,0,0,0,0,0,0,3,0,1,0
404,423,2,0.47,0,1,1,0,0,0,0,0,0,0
405,513,15,2.92,1,3,1,3,0,1,3,0,1,2
405,253,4,1.58,1,0,0,0,0,1,2,0,0,0
406,353,4,1.13,1,0,0,0,0,0,3,0,0,0
406,269,5,1.86,1,1,1,1,1,0,0,0,0,0
407,426,6,1.41,1,0,0,2,0,2,1,0,0,0
407,253,0,0.00,0,0,0,0,0,0,0,0,0,0
408,412,9,2.18,0,1,0,1,0,0,2,0,3,2
408,249,1,0.40,0,0,1,0,0,0,0,0,0,0
409,279,3,1.08,0,0,0,1,0,0,0,0,0,2
409,206,1,0.49,0,0,0,0,0,1,0,0,0,0
410,290,4,1.38,0,1,0,2,0,0,0,0,1,0
410,243,3,1.23,0,0,0,0,0,0,1,0,2,0
411,204,2,0.98,0,0,0,1,0,1,0,0,0,0
412,253,1,0.40,0,0,0,0,0,0,1,0,0,0
413,234,2,0.85,0,0,0,1,0,0,1,0,0,0
414,254,0,0.00,0,0,0,0,0,0,0,0,0,0
415,230,1,0.43,0,0,0,0,0,0,1,0,0,0
416,303,15,4.95,0,1,3,3,5,0,3,0,0,0
417,390,3,0.77,0,0,0,1,1,0,0,0,0,1
418,283,1,0.35,0,0,0,0,0,0,1,0,0,0
419,308,0,0.00,0,0,0,0,0,0,0,0,0,0
420,329,2,0.61,0,0,0,1,1,0,0,0,0,0
421,273,0,0.00,0,0,0,0,0,0,0,0,0,0
422,362,4,1.10,0,0,0,1,2,0,0,0,0,1
423,406,2,0.49,0,0,0,1,1,0,0,0,0,0
424,286,0,0.00,0,0,0,0,0,0,0,0,0,0
425,379,3,0.79,0,0,0,1,1,0,1,0,0,0
426,342,0,0.00,0,0,0,0,0,0,0,0,0,0
427,358,0,0.00,0,0,0,0,0,0,0,0,0,0
428,608,0,0.00,0,0,0,0,0,0,0,0,0,0
429,420,3,0.71,0,0,0,1,0,0,0,0,2,0
430,414,0,0.00,0,0,0,0,0,0,0,0,0,0
431,332,2,0.60,0,0,0,1,1,0,0,0,0,0
432,333,0,0.00,0,0,0,0,0,0,0,0,0,0
433,403,0,0.00,0,0,0,0,0,0,0,0,0,0
434,293,2,0.68,0,0,1,0,0,0,0,0,0,1
435,271,0,0.00,0,0,0,0,0,0,0,0,0,0
436,381,1,0.26,0,0,0,1,0,0,0,0,0,0
437,360,2,0.56,0,0,0,1,1,0,0,0,0,0
438,346,7,2.02,1,1,0,1,1,3,0,0,0,0
439,294,8,2.72,0,0,2,2,1,2,1,0,0,0
440,411,7,1.70,0,2,0,1,0,1,2,0,0,1
441,410,5,1.22,0,1,0,1,0,0,3,0,0,0
442,461,0,0.00,0,0,0,0,0,0,0,0,0,0
443,514,3,0.58,0,0,3,0,0,0,0,0,0,0
444,460,0,0.00,0,0,0,0,0,0,0,0,0,0
445,433,1,0.23,0,1,0,0,0,0,0,0,0,0
446,452,1,0.22,0,0,0,1,0,0,0,0,0,0
447,424,4,0.94,1,0,0,2,0,0,0,0,1,0
448,392,1,0.26,0,0,0,1,0,0,0,0,0,0
449,406,0,0.00,0,0,0,0,0,0,0,0,0,0
450,531,7,1.32,0,0,2,1,2,0,0,0,2,0
451,449,4,0.89,0,0,1,1,1,0,0,0,1,0
452,363,2,0.55,0,0,1,1,0,0,0,0,0,0
453,395,4,1.01,0,0,0,0,0,2,0,0,0,2
454,370,8,2.16,0,0,1,1,1,0,0,0,4,1
455,280,3,1.07,0,0,0,0,0,1,0,0,0,2
456,328,15,4.57,0,0,5,2,5,0,0,0,1,2
457,329,7,2.13,0,0,1,1,2,0,0,0,2,1
458,386,1,0.26,0,0,1,0,0,0,0,0,0,0
459,421,10,2.38,2,0,4,2,0,1,1,0,0,0
460,340,0,0.00,0,0,0,0,0,0,0,0,0,0
461,611,2,0.33,1,0,0,0,1,0,0,0,0,0
462,477,5,1.05,0,0,0,0,0,3,1,0,1,0
463,477,2,0.42,0,0,0,0,2,0,0,0,0,0
464,426,0,0.00,0,0,0,0,0,0,0,0,0,0
465,357,1,0.28,0,0,0,0,0,1,0,0,0,0
466,440,1,0.23,0,0,0,0,0,0,0,0,1,0
467,280,2,0.71,0,0,0,1,1,0,0,0,0,0
468,190,1,0.53,0,1,0,0,0,0,0,0,0,0
469,164,2,1.22,0,0,0,1,0,0,0,0,1,0
470,189,1,0.53,0,0,0,1,0,0,0,0,0,0
471,199,1,0.50,0,0,0,1,0,0,0,0,0,0
472,125,2,1.60,0,0,0,0,0,1,0,0,1,0
473,219,1,0.46,0,0,0,0,0,0,0,0,1,0
474,171,0,0.00,0,0,0,0,0,0,0,0,0,0
475,295,0,0.00,0,0,0,0,0,0,0,0,0,0
476,394,0,0.00,0,0,0,0,0,0,0,0,0,0
477,388,7,1.80,0,0,0,2,1,0,4,0,0,0
478,300,1,0.33,0,0,0,0,0,0,0,0,1,0
479,277,3,1.08,0,0,0,1,1,0,0,0,1,0
480,375,1,0.27,0,0,0,0,0,0,0,0,1,0
481,337,1,0.30,1,0,0,0,0,0,0,0,0,0
482,443,0,0.00,0,0,0,0,0,0,0,0,0,0
483,312,0,0.00,0,0,0,0,0,0,0,0,0,0
484,257,0,0.00,0,0,0,0,0,0,0,0,0,0
485,268,0,0.00,0,0,0,0,0,0,0,0,0,0
486,541,4,0.74,0,1,0,2,1,0,0,0,0,0
487,438,7,1.60,0,0,0,0,1,0,5,0,0,1
488,393,5,1.27,1,1,0,0,0,0,3,0,0,0
489,338,6,1.78,0,0,0,2,0,0,1,0,0,3
490,399,2,0.50,0,0,0,0,0,1,1,0,0,0
491,416,9,2.16,0,0,0,1,1,0,7,0,0,0
492,485,9,1.86,0,0,0,0,2,1,6,0,0,0
493,470,2,0.43,0,0,0,0,0,1,1,0,0,0
494,369,9,2.44,0,0,0,0,0,3,4,0,2,0
495,346,10,2.89,3,1,2,0,1,0,3,0,0,0
496,404,5,1.24,0,0,1,0,0,0,4,0,0,0
497,493,3,0.61,0,0,0,0,0,0,3,0,0,0
498,610,12,1.97,2,1,1,1,1,0,6,0,0,0
499,322,4,1.24,0,0,0,0,0,1,3,0,0,0
500,463,9,1.94,0,1,2,1,0,1,3,0,0,1
501,411,7,1.70,0,1,1,0,1,1,2,0,1,0
501,425,12,2.82,2,1,1,0,2,0,5,0,0,1
502,578,8,1.38,0,0,0,0,0,0,7,0,0,1
503,518,16,3.09,1,1,0,1,0,2,8,0,1,2
504,659,3,0.46,0,0,0,2,0,0,1,0,0,0
505,568,5,0.88,0,0,0,1,0,3,0,0,0,1
506,380,5,1.32,0,0,3,2,0,0,0,0,0,0
507,524,10,1.91,0,4,1,0,1,2,1,0,1,0
508,439,16,3.64,0,5,2,1,1,2,3,0,2,0
509,441,2,0.45,0,0,0,0,0,1,0,0,1,0
510,518,2,0.39,0,0,0,0,1,0,0,0,1,0
511,575,7,1.22,1,1,2,1,0,1,0,0,1,0
512,509,5,0.98,0,1,0,1,1,0,1,0,1,0
513,637,7,1.10,2,0,0,1,0,1,2,0,0,1
514,528,10,1.89,0,0,0,5,3,0,0,0,1,1
515,583,8,1.37,0,4,0,0,0,0,0,0,4,0
516,667,6,0.90,0,0,0,3,2,0,0,0,1,0
517,455,5,1.10,0,0,0,1,1,0,0,0,3,0
518,602,6,1.00,0,0,0,0,2,2,2,0,0,0
519,387,4,1.03,0,0,0,1,1,0,2,0,0,0
520,528,14,2.65,0,1,2,1,0,3,4,0,3,0
521,571,15,2.63,2,1,0,2,0,3,6,0,1,0
522,325,0,0.00,0,0,0,0,0,0,0,0,0,0
523,331,0,0.00,0,0,0,0,0,0,0,0,0,0
524,470,6,1.28,0,0,0,0,0,1,3,2,0,0
525,539,0,0.00,0,0,0,0,0,0,0,0,0,0
526,529,5,0.95,0,0,0,3,2,0,0,0,0,0
573,358,0,0.00,0,0,0,0,0,0,0,0,0,0
925,418,7,1.67,1,0,0,3,1,0,0,0,2,0
926,267,12,4.49,0,0,0,1,0,4,5,0,1,1
927,455,7,1.54,0,0,1,0,0,1,3,0,1,1
928,612,8,1.31,0,0,0,2,0,0,2,0,4,0
929,424,15,3.54,1,0,0,1,0,1,8,0,3,1
930,631,6,0.95,0,0,0,0,0,2,1,0,2,1
931,389,8,2.06,0,0,0,2,0,0,4,0,2,0
932,664,12,1.81,0,1,0,2,1,2,2,0,3,1
933,557,9,1.62,1,2,1,0,0,0,3,0,1,1
934,592,8,1.35,0,0,0,1,0,2,3,0,2,0
935,446,12,2.69,0,6,0,1,0,1,4,0,0,0
936,648,12,1.85,0,3,0,1,0,4,2,0,1,1
937,394,4,1.02,0,0,2,0,0,0,2,0,0,0
938,389,11,2.83,2,1,1,1,0,1,2,0,1,2
939,286,5,1.75,0,1,0,2,0,1,0,0,1,0
940,293,6,2.05,0,0,0,6,0,0,0,0,0,0
941,348,3,0.86,0,1,0,0,1,1,0,0,0,0
942,331,1,0.30,1,0,0,0,0,0,0,0,0,0
943,422,5,1.18,0,1,0,0,0,2,1,0,1,0
944,324,3,0.93,0,0,1,0,0,0,1,0,1,0
945,352,1,0.28,1,0,0,0,0,0,0,0,0,0
946,327,1,0.31,0,0,0,1,0,0,0,0,0,0
947,308,1,0.32,0,0,0,0,0,0,1,0,0,0
948,378,0,0.00,0,0,0,0,0,0,0,0,0,0
949,435,5,1.15,0,0,0,1,1,0,0,0,2,1
950,441,4,0.91,0,2,0,0,0,0,2,0,0,0
951,271,0,0.00,0,0,0,0,0,0,0,0,0,0
952,315,0,0.00,0,0,0,0,0,0,0,0,0,0
953,341,4,1.17,0,0,1,0,0,0,0,0,3,0
954,454,17,3.74,2,0,1,2,0,1,7,3,0,1
955,488,7,1.43,0,0,1,0,0,0,2,2,0,2
956,450,1,0.22,0,0,0,0,0,0,0,0,1,0
957,435,5,1.15,0,1,1,1,0,0,2,0,0,0
958,252,8,3.17,3,0,0,1,1,0,1,2,0,0
959,219,1,0.46,1,0,0,0,0,0,0,0,0,0
960,225,7,3.11,0,0,1,0,2,1,2,1,0,0
961,408,2,0.49,0,1,0,0,0,0,0,0,0,1
962,410,22,5.37,8,1,0,0,1,3,8,1,0,0
963,494,4,0.81,1,0,0,2,0,0,0,0,1,0
964,461,5,1.08,1,1,0,2,0,0,1,0,0,0
